{
  "trainingPhrases": [ {
    "id": "a983b552-ae98-4f5e-b4d8-505e9dc581d5",
    "parts": [ {
      "text": "just going to say hi",
      "auto": true
    } ],
    "repeatCount": 1,
    "languageCode": "en"
  }, {
    "id": "d83bbe93-4b5e-44db-a778-ab44f7c790b6",
    "parts": [ {
      "text": "heya",
      "auto": true
    } ],
    "repeatCount": 1,
    "languageCode": "en"
  }, {
    "id": "8f02169b-f715-4504-8d6c-0a684907f88e",
    "parts": [ {
      "text": "hello hi",
      "auto": true
    } ],
    "repeatCount": 1,
    "languageCode": "en"
  }, {
    "id": "16324ae5-a054-4c74-9c15-2b2ab09b89e7",
    "parts": [ {
      "text": "howdy",
      "auto": true
    } ],
    "repeatCount": 1,
    "languageCode": "en"
  }, {
    "id": "13974a7c-137f-47d2-bba4-0be7cd078671",
    "parts": [ {
      "text": "hey there",
      "auto": true
    } ],
    "repeatCount": 1,
    "languageCode": "en"
  }, {
    "id": "a0593353-e04a-4dda-afe1-281417be766b",
    "parts": [ {
      "text": "hi there",
      "auto": true
    } ],
    "repeatCount": 2,
    "languageCode": "en"
  }, {
    "id": "57d695d9-98ea-4b7b-bec9-3c7a9adac799",
    "parts": [ {
      "text": "greetings",
      "auto": true
    } ],
    "repeatCount": 1,
    "languageCode": "en"
  }, {
    "id": "076fd01a-8737-4a42-9d38-be1830bcb8b4",
    "parts": [ {
      "text": "hey",
      "auto": true
    } ],
    "repeatCount": 1,
    "languageCode": "en"
  }, {
    "id": "c722a12b-08d7-4028-ad8e-cf1974c2362f",
    "parts": [ {
      "text": "long time no see",
      "auto": true
    } ],
    "repeatCount": 1,
    "languageCode": "en"
  }, {
    "id": "a981bf64-7408-4d79-8077-8cfda4115323",
    "parts": [ {
      "text": "hello",
      "auto": true
    } ],
    "repeatCount": 1,
    "languageCode": "en"
  }, {
    "id": "5f6e25b4-dc2b-4e06-b0ad-0fbd26333843",
    "parts": [ {
      "text": "lovely day isn't it",
      "auto": true
    } ],
    "repeatCount": 1,
    "languageCode": "en"
  }, {
    "id": "2dad8c43-6669-48b8-b713-18a943ec1f59",
    "parts": [ {
      "text": "I greet you",
      "auto": true
    } ],
    "repeatCount": 1,
    "languageCode": "en"
  }, {
    "id": "9d4587ab-e0d5-44be-a2d3-9473ff05a08f",
    "parts": [ {
      "text": "hello again",
      "auto": true
    } ],
    "repeatCount": 1,
    "languageCode": "en"
  }, {
    "id": "ec688540-66d7-451c-8830-82db77751397",
    "parts": [ {
      "text": "hi",
      "auto": true
    } ],
    "repeatCount": 1,
    "languageCode": "en"
  }, {
    "id": "94428522-ce88-4449-99a9-4f5ca867b913",
    "parts": [ {
      "text": "hello there",
      "auto": true
    } ],
    "repeatCount": 1,
    "languageCode": "en"
  }, {
    "id": "435f5550-1124-4c08-9c73-583677152949",
    "parts": [ {
      "text": "a good day",
      "auto": true
    } ],
    "repeatCount": 1,
    "languageCode": "en"
  } ]
}
