{
  "trainingPhrases": [ {
    "parts": [ {
      "text": "Schedule ",
      "auto": true
    }, {
      "text": "5",
      "parameterId": "number",
      "auto": true
    }, {
      "text": " screens",
      "auto": true
    } ],
    "repeatCount": 1,
    "languageCode": "en"
  }, {
    "parts": [ {
      "text": "Can you book me for "
    }, {
      "text": "4",
      "parameterId": "number",
      "auto": true
    }, {
      "text": " screens"
    } ],
    "repeatCount": 1,
    "languageCode": "en"
  }, {
    "parts": [ {
      "text": "I need ",
      "auto": true
    }, {
      "text": "3",
      "parameterId": "number",
      "auto": true
    }, {
      "text": " screens serviced",
      "auto": true
    } ],
    "repeatCount": 2,
    "languageCode": "en"
  }, {
    "parts": [ {
      "text": "Schedule service for ",
      "auto": true
    }, {
      "text": "6",
      "parameterId": "number",
      "auto": true
    }, {
      "text": " windows",
      "auto": true
    } ],
    "repeatCount": 1,
    "languageCode": "en"
  }, {
    "parts": [ {
      "text": "I wan to schedule 2 screens",
      "auto": true
    } ],
    "repeatCount": 1,
    "languageCode": "en"
  }, {
    "parts": [ {
      "text": "5",
      "parameterId": "number",
      "auto": true
    }, {
      "text": " screens need repair",
      "auto": true
    } ],
    "repeatCount": 1,
    "languageCode": "en"
  }, {
    "parts": [ {
      "text": "Can I book ",
      "auto": true
    }, {
      "text": "4",
      "parameterId": "number",
      "auto": true
    }, {
      "text": " screens?",
      "auto": true
    } ],
    "repeatCount": 1,
    "languageCode": "en"
  }, {
    "parts": [ {
      "text": "I'm looking to book an appointment, what's your availability?"
    } ],
    "repeatCount": 1,
    "languageCode": "en"
  }, {
    "parts": [ {
      "text": "Do you have any openings for an appointment?"
    } ],
    "repeatCount": 1,
    "languageCode": "en"
  }, {
    "parts": [ {
      "text": "What are your available appointment slots?"
    } ],
    "repeatCount": 1,
    "languageCode": "en"
  }, {
    "parts": [ {
      "text": "I need an appointment for my screens",
      "auto": true
    } ],
    "repeatCount": 1,
    "languageCode": "en"
  }, {
    "parts": [ {
      "text": "Check availability for screens",
      "auto": true
    } ],
    "repeatCount": 1,
    "languageCode": "en"
  }, {
    "parts": [ {
      "text": "What times do you have open?",
      "auto": true
    } ],
    "repeatCount": 1,
    "languageCode": "en"
  }, {
    "parts": [ {
      "text": "When can I schedule service?",
      "auto": true
    } ],
    "repeatCount": 1,
    "languageCode": "en"
  }, {
    "parts": [ {
      "text": "Check available times",
      "auto": true
    } ],
    "repeatCount": 1,
    "languageCode": "en"
  }, {
    "parts": [ {
      "text": "I want to book an appointment",
      "auto": true
    } ],
    "repeatCount": 1,
    "languageCode": "en"
  } ]
}
