{
  "trainingPhrases": [ {
    "parts": [ {
      "text": "I need to schedule a visit"
    } ],
    "repeatCount": 1,
    "languageCode": "en"
  }, {
    "parts": [ {
      "text": "Can I book an appointment with you?"
    } ],
    "repeatCount": 1,
    "languageCode": "en"
  }, {
    "parts": [ {
      "text": "I'd like to make an appointment"
    } ],
    "repeatCount": 1,
    "languageCode": "en"
  }, {
    "parts": [ {
      "text": "Book now",
      "auto": true
    } ],
    "repeatCount": 1,
    "languageCode": "en"
  }, {
    "parts": [ {
      "text": "Schedule a visit",
      "auto": true
    } ],
    "repeatCount": 1,
    "languageCode": "en"
  }, {
    "parts": [ {
      "text": "Book an appointment",
      "auto": true
    } ],
    "repeatCount": 1,
    "languageCode": "en"
  } ]
}
